{
  "Cams": {
    "0": {
      "central_wavelength": 470,
      "band_name": "Blue",
      "wavelength_fwhm": 28,
      "fnumber": 1.8,
      "band_sensitivity": 0.83,
      "vignetting_center": [722,540],
      "vignetting_polynomial": [4.178435e-05,-2.11489792e-07,0,2.51579493e-13,0,-7.75736473e-19],
      "radiometric_calibration": [0.000119266,0]
    },
    "1": {
      "central_wavelength": 560,
      "band_name": "Green",
      "wavelength_fwhm": 20,
      "fnumber": 1.8,
      "band_sensitivity": 0.8,
      "vignetting_center": [722,540],
      "vignetting_polynomial": [-3.85362306e-05,-3.63379771e-08,0,-1.58921959e-13,0,-4.14584883e-19],
      "radiometric_calibration": [0.000123596,0]
    },
    "2": {
      "central_wavelength": 665,
      "band_name": "Red",
      "wavelength_fwhm": 14,
      "fnumber": 1.8,
      "band_sensitivity": 0.4,
      "vignetting_center": [717,539],
      "vignetting_polynomial": [5.27570543e-06,-1.10311849e-07,0,6.90510723e-14,0,-6.24832915e-19],
      "radiometric_calibration": [0.000246559,0]
    },
    "3": {
      "central_wavelength": 720,
      "band_name": "Rededge",
      "wavelength_fwhm": 12,
      "fnumber": 1.8,
      "band_sensitivity": 0.307,
      "vignetting_center": [715,541],
      "vignetting_polynomial": [3.07552337e-05,-2.35901879e-07,0,2.02705624e-13,0,-6.53450113e-19],
      "radiometric_calibration": [0.000322352,0]
    },
    "4": {
      "central_wavelength": 840,
      "band_name": "NIR",
      "wavelength_fwhm": 40,
      "fnumber": 1.8,
      "band_sensitivity": 0.73,
      "vignetting_center": [708,550],
      "vignetting_polynomial": [4.81380224e-05,-2.63192938e-07,0,3.97897371e-13,0,-8.62070515e-19],
      "radiometric_calibration": [0.000135683,0]
    }
  }
}